Timestamp,User Count,Type,Name,Requests/s,Failures/s,50%,66%,75%,80%,90%,95%,98%,99%,99.9%,99.99%,100%,Total Request Count,Total Failure Count,Total Median Response Time,Total Average Response Time,Total Min Response Time,Total Max Response Time,Total Average Content Size
1769863754,0,,Aggregated,0.000000,0.000000,N/A,N/A,N/A,N/A,N/A,N/A,N/A,N/A,N/A,N/A,N/A,0,0,0,0.0,0,0,0
1769863755,20,GET,/,0.000000,0.000000,0,0,0,0,0,0,0,0,0,0,0,20,0,24,23.837233347876463,20.759667007951066,25.35749998060055,66.0
1769863755,20,,Aggregated,0.000000,0.000000,0,0,0,0,0,0,0,0,0,0,0,20,0,24,23.837233347876463,20.759667007951066,25.35749998060055,66.0
1769863756,40,GET,/,0.000000,0.000000,25,25,27,28,30,30,30,30,30,30,30,48,0,24,21.322111979316105,2.437874994939193,30.20083298906684,66.0
1769863756,40,,Aggregated,0.000000,0.000000,25,25,27,28,30,30,30,30,30,30,30,48,0,24,21.322111979316105,2.437874994939193,30.20083298906684,66.0
1769863757,60,GET,/,20.000000,0.000000,25,25,26,26,28,30,30,30,30,30,30,72,0,24,21.37291845792788,2.437874994939193,30.20083298906684,66.0
1769863757,60,,Aggregated,20.000000,0.000000,25,25,26,26,28,30,30,30,30,30,30,72,0,24,21.37291845792788,2.437874994939193,30.20083298906684,66.0
1769863758,80,GET,/,22.500000,0.000000,25,27,28,29,30,30,31,32,32,32,32,107,0,25,20.41162035474771,2.4051670043263584,32.32112497789785,66.0
1769863758,80,,Aggregated,22.500000,0.000000,25,27,28,29,30,30,31,32,32,32,32,107,0,25,20.41162035474771,2.4051670043263584,32.32112497789785,66.0
1769863759,100,GET,/,22.666667,0.000000,24,27,28,29,30,30,31,31,32,32,32,155,0,24,18.40039702534165,1.3893750146962702,32.32112497789785,66.0
1769863759,100,,Aggregated,22.666667,0.000000,24,27,28,29,30,30,31,31,32,32,32,155,0,24,18.40039702534165,1.3893750146962702,32.32112497789785,66.0
1769863760,100,GET,/,24.000000,0.000000,11,26,28,28,29,30,31,31,32,32,32,182,0,23,16.11440542814767,1.1603749881032854,32.32112497789785,66.0
1769863760,100,,Aggregated,24.000000,0.000000,11,26,28,28,29,30,31,31,32,32,32,182,0,23,16.11440542814767,1.1603749881032854,32.32112497789785,66.0
1769863761,100,GET,/,27.600000,0.000000,4,25,27,28,29,30,31,31,32,32,32,217,0,5,14.018071792705397,1.1603749881032854,32.32112497789785,66.0
1769863761,100,,Aggregated,27.600000,0.000000,4,25,27,28,29,30,31,31,32,32,32,217,0,5,14.018071792705397,1.1603749881032854,32.32112497789785,66.0
1769863762,100,GET,/,27.333333,0.000000,4,8,25,27,29,30,30,31,32,32,32,259,0,4,12.205945274502248,1.1603749881032854,32.32112497789785,66.0
1769863762,100,,Aggregated,27.333333,0.000000,4,8,25,27,29,30,30,31,32,32,32,259,0,4,12.205945274502248,1.1603749881032854,32.32112497789785,66.0
1769863763,100,GET,/,28.285714,0.000000,4,5,25,26,29,30,30,31,32,32,32,285,0,4,11.389509761366961,1.1603749881032854,32.32112497789785,66.0
1769863763,100,,Aggregated,28.285714,0.000000,4,5,25,26,29,30,30,31,32,32,32,285,0,4,11.389509761366961,1.1603749881032854,32.32112497789785,66.0
1769863764,100,GET,/,29.125000,0.000000,4,5,23,25,29,30,30,31,32,32,32,319,0,4,10.538117520344738,1.1603749881032854,32.32112497789785,66.0
1769863764,100,,Aggregated,29.125000,0.000000,4,5,23,25,29,30,30,31,32,32,32,319,0,4,10.538117520344738,1.1603749881032854,32.32112497789785,66.0
1769863765,100,GET,/,29.888889,0.000000,3,4,5,9,28,29,30,31,32,32,32,356,0,4,9.828349811582841,1.1603749881032854,32.32112497789785,66.0
1769863765,100,,Aggregated,29.888889,0.000000,3,4,5,9,28,29,30,31,32,32,32,356,0,4,9.828349811582841,1.1603749881032854,32.32112497789785,66.0
1769863766,100,GET,/,30.500000,0.000000,3,4,4,5,28,29,30,31,32,32,32,387,0,4,9.290709599157077,1.038500020513311,32.32112497789785,66.0
1769863766,100,,Aggregated,30.500000,0.000000,3,4,4,5,28,29,30,31,32,32,32,387,0,4,9.290709599157077,1.038500020513311,32.32112497789785,66.0
1769863767,100,GET,/,31.400000,0.000000,3,4,4,4,5,28,29,30,30,30,30,424,0,3,8.757490244842868,1.038500020513311,32.32112497789785,66.0
1769863767,100,,Aggregated,31.400000,0.000000,3,4,4,4,5,28,29,30,30,30,30,424,0,3,8.757490244842868,1.038500020513311,32.32112497789785,66.0
1769863768,100,GET,/,32.600000,0.000000,3,3,4,4,5,5,11,33,43,43,43,460,0,3,8.620326969400555,1.038500020513311,43.089875020086765,66.0
1769863768,100,,Aggregated,32.600000,0.000000,3,3,4,4,5,5,11,33,43,43,43,460,0,3,8.620326969400555,1.038500020513311,43.089875020086765,66.0
1769863769,100,GET,/,33.000000,0.000000,3,3,4,4,5,5,11,33,43,43,43,491,0,3,8.253198971401885,1.038500020513311,43.089875020086765,66.0
1769863769,100,,Aggregated,33.000000,0.000000,3,3,4,4,5,5,11,33,43,43,43,491,0,3,8.253198971401885,1.038500020513311,43.089875020086765,66.0
1769863770,100,GET,/,34.100000,0.000000,3,4,4,4,5,5,14,33,43,43,43,519,0,3,7.989344637825734,1.038500020513311,43.089875020086765,66.0
1769863770,100,,Aggregated,34.100000,0.000000,3,4,4,4,5,5,14,33,43,43,43,519,0,3,7.989344637825734,1.038500020513311,43.089875020086765,66.0
1769863771,100,GET,/,33.000000,0.000000,3,4,4,4,4,5,14,33,43,43,43,554,0,3,7.685810148021264,1.038500020513311,43.089875020086765,66.0
1769863771,100,,Aggregated,33.000000,0.000000,3,4,4,4,4,5,14,33,43,43,43,554,0,3,7.685810148021264,1.038500020513311,43.089875020086765,66.0
1769863772,100,GET,/,34.100000,0.000000,3,4,4,4,5,6,14,33,43,43,43,588,0,3,7.507472342002162,1.038500020513311,43.089875020086765,66.0
1769863772,100,,Aggregated,34.100000,0.000000,3,4,4,4,5,6,14,33,43,43,43,588,0,3,7.507472342002162,1.038500020513311,43.089875020086765,66.0
1769863773,100,GET,/,33.500000,0.000000,3,4,4,4,5,6,14,33,43,43,43,627,0,3,7.259644456471404,1.038500020513311,43.089875020086765,66.0
1769863773,100,,Aggregated,33.500000,0.000000,3,4,4,4,5,6,14,33,43,43,43,627,0,3,7.259644456471404,1.038500020513311,43.089875020086765,66.0
1769863774,100,GET,/,33.400000,0.000000,3,4,4,4,5,6,14,33,43,43,43,654,0,3,7.108168693183528,1.038500020513311,43.089875020086765,66.0
1769863774,100,,Aggregated,33.400000,0.000000,3,4,4,4,5,6,14,33,43,43,43,654,0,3,7.108168693183528,1.038500020513311,43.089875020086765,66.0
1769863775,100,GET,/,33.400000,0.000000,3,4,4,4,5,6,15,33,43,43,43,689,0,3,6.910633398208116,1.038500020513311,43.089875020086765,66.0
1769863775,100,,Aggregated,33.400000,0.000000,3,4,4,4,5,6,15,33,43,43,43,689,0,3,6.910633398208116,1.038500020513311,43.089875020086765,66.0
1769863776,100,GET,/,33.500000,0.000000,3,4,4,4,5,6,15,33,43,43,43,717,0,3,6.766146785754001,1.038500020513311,43.089875020086765,66.0
1769863776,100,,Aggregated,33.500000,0.000000,3,4,4,4,5,6,15,33,43,43,43,717,0,3,6.766146785754001,1.038500020513311,43.089875020086765,66.0
1769863777,100,GET,/,34.100000,0.000000,3,4,4,4,5,6,16,33,43,43,43,747,0,3,6.621849558784015,1.038500020513311,43.089875020086765,66.0
1769863777,100,,Aggregated,34.100000,0.000000,3,4,4,4,5,6,16,33,43,43,43,747,0,3,6.621849558784015,1.038500020513311,43.089875020086765,66.0
1769863778,100,GET,/,33.000000,0.000000,3,4,4,4,5,6,16,22,57,57,57,785,0,3,6.625711938268416,1.038500020513311,57.39750000066124,66.0
1769863778,100,,Aggregated,33.000000,0.000000,3,4,4,4,5,6,16,22,57,57,57,785,0,3,6.625711938268416,1.038500020513311,57.39750000066124,66.0
1769863779,100,GET,/,33.300000,0.000000,3,4,4,4,5,6,16,22,57,57,57,824,0,3,6.454735531008834,1.038500020513311,57.39750000066124,66.0
1769863779,100,,Aggregated,33.300000,0.000000,3,4,4,4,5,6,16,22,57,57,57,824,0,3,6.454735531008834,1.038500020513311,57.39750000066124,66.0
1769863780,100,GET,/,32.700000,0.000000,3,4,4,4,5,6,16,22,57,57,57,852,0,3,6.338891769496192,1.038500020513311,57.39750000066124,66.0
1769863780,100,,Aggregated,32.700000,0.000000,3,4,4,4,5,6,16,22,57,57,57,852,0,3,6.338891769496192,1.038500020513311,57.39750000066124,66.0
1769863781,100,GET,/,32.900000,0.000000,3,4,4,4,5,6,16,22,57,57,57,888,0,3,6.197139957900315,1.038500020513311,57.39750000066124,66.0
1769863781,100,,Aggregated,32.900000,0.000000,3,4,4,4,5,6,16,22,57,57,57,888,0,3,6.197139957900315,1.038500020513311,57.39750000066124,66.0
1769863782,100,GET,/,33.300000,0.000000,3,4,4,4,5,6,17,35,57,57,57,918,0,3,6.169831461409078,1.038500020513311,57.39750000066124,66.0
1769863782,100,,Aggregated,33.300000,0.000000,3,4,4,4,5,6,17,35,57,57,57,918,0,3,6.169831461409078,1.038500020513311,57.39750000066124,66.0
1769863783,100,GET,/,33.500000,0.000000,3,3,4,4,4,6,17,35,57,57,57,952,0,3,6.066878838703073,1.038500020513311,57.39750000066124,66.0
1769863783,100,,Aggregated,33.500000,0.000000,3,3,4,4,4,6,17,35,57,57,57,952,0,3,6.066878838703073,1.038500020513311,57.39750000066124,66.0
1769863784,100,GET,/,33.500000,0.000000,3,3,4,4,4,6,16,35,57,57,57,987,0,3,5.9602158383257295,1.038500020513311,57.39750000066124,66.0
1769863784,100,,Aggregated,33.500000,0.000000,3,3,4,4,4,6,16,35,57,57,57,987,0,3,5.9602158383257295,1.038500020513311,57.39750000066124,66.0
1769863785,100,GET,/,32.800000,0.000000,3,3,4,4,5,6,16,35,57,57,57,1018,0,3,5.865823296136598,1.038500020513311,57.39750000066124,66.0
1769863785,100,,Aggregated,32.800000,0.000000,3,3,4,4,5,6,16,35,57,57,57,1018,0,3,5.865823296136598,1.038500020513311,57.39750000066124,66.0
1769863786,100,GET,/,33.200000,0.000000,3,3,4,4,4,5,16,35,57,57,57,1059,0,3,5.750745857897152,1.038500020513311,57.39750000066124,66.0
1769863786,100,,Aggregated,33.200000,0.000000,3,3,4,4,4,5,16,35,57,57,57,1059,0,3,5.750745857897152,1.038500020513311,57.39750000066124,66.0
1769863787,100,GET,/,33.000000,0.000000,3,3,4,4,4,5,6,8,37,37,37,1092,0,3,5.672998388768847,1.038500020513311,57.39750000066124,66.0
1769863787,100,,Aggregated,33.000000,0.000000,3,3,4,4,4,5,6,8,37,37,37,1092,0,3,5.672998388768847,1.038500020513311,57.39750000066124,66.0
1769863788,100,GET,/,33.400000,0.000000,3,3,4,4,4,5,6,8,37,37,37,1126,0,3,5.591153261504222,1.038500020513311,57.39750000066124,66.0
1769863788,100,,Aggregated,33.400000,0.000000,3,3,4,4,4,5,6,8,37,37,37,1126,0,3,5.591153261504222,1.038500020513311,57.39750000066124,66.0
1769863789,100,GET,/,33.700000,0.000000,3,3,4,4,4,5,6,8,37,37,37,1159,0,3,5.5257216242021086,1.038500020513311,57.39750000066124,66.0
1769863789,100,,Aggregated,33.700000,0.000000,3,3,4,4,4,5,6,8,37,37,37,1159,0,3,5.5257216242021086,1.038500020513311,57.39750000066124,66.0
1769863790,100,GET,/,33.900000,0.000000,3,3,4,4,4,5,6,8,37,37,37,1191,0,3,5.448449611759414,1.038500020513311,57.39750000066124,66.0
1769863790,100,,Aggregated,33.900000,0.000000,3,3,4,4,4,5,6,8,37,37,37,1191,0,3,5.448449611759414,1.038500020513311,57.39750000066124,66.0
1769863791,100,GET,/,34.000000,0.000000,3,3,4,4,4,5,7,8,54,54,54,1219,0,3,5.429784545290626,1.038500020513311,57.39750000066124,66.0
1769863791,100,,Aggregated,34.000000,0.000000,3,3,4,4,4,5,7,8,54,54,54,1219,0,3,5.429784545290626,1.038500020513311,57.39750000066124,66.0
1769863792,100,GET,/,33.200000,0.000000,3,3,4,4,4,5,6,6,54,54,54,1252,0,3,5.357415690763702,1.038500020513311,57.39750000066124,66.0
1769863792,100,,Aggregated,33.200000,0.000000,3,3,4,4,4,5,6,6,54,54,54,1252,0,3,5.357415690763702,1.038500020513311,57.39750000066124,66.0
1769863793,100,GET,/,33.300000,0.000000,3,3,4,4,4,5,6,8,54,54,54,1280,0,3,5.333553569334981,1.038500020513311,57.39750000066124,66.0
1769863793,100,,Aggregated,33.300000,0.000000,3,3,4,4,4,5,6,8,54,54,54,1280,0,3,5.333553569334981,1.038500020513311,57.39750000066124,66.0
1769863794,100,GET,/,32.600000,0.000000,3,3,4,4,4,5,7,8,54,54,54,1322,0,3,5.2673688107362135,1.038500020513311,57.39750000066124,66.0
1769863794,100,,Aggregated,32.600000,0.000000,3,3,4,4,4,5,7,8,54,54,54,1322,0,3,5.2673688107362135,1.038500020513311,57.39750000066124,66.0
1769863795,100,GET,/,33.200000,0.000000,3,3,4,4,5,5,7,8,54,54,54,1351,0,3,5.227212979153059,1.038500020513311,57.39750000066124,66.0
1769863795,100,,Aggregated,33.200000,0.000000,3,3,4,4,5,5,7,8,54,54,54,1351,0,3,5.227212979153059,1.038500020513311,57.39750000066124,66.0
1769863796,100,GET,/,32.500000,0.000000,3,3,4,4,5,6,8,12,54,54,54,1383,0,3,5.195868361361839,1.038500020513311,57.39750000066124,66.0
1769863796,100,,Aggregated,32.500000,0.000000,3,3,4,4,5,6,8,12,54,54,54,1383,0,3,5.195868361361839,1.038500020513311,57.39750000066124,66.0
1769863797,100,GET,/,32.600000,0.000000,3,3,4,4,5,5,8,12,54,54,54,1415,0,3,5.152554819570169,1.038500020513311,57.39750000066124,66.0
1769863797,100,,Aggregated,32.600000,0.000000,3,3,4,4,5,5,8,12,54,54,54,1415,0,3,5.152554819570169,1.038500020513311,57.39750000066124,66.0
1769863798,100,GET,/,33.300000,0.000000,3,4,4,4,5,6,8,12,54,54,54,1452,0,3,5.12711770365354,1.038500020513311,57.39750000066124,66.0
1769863798,100,,Aggregated,33.300000,0.000000,3,4,4,4,5,6,8,12,54,54,54,1452,0,3,5.12711770365354,1.038500020513311,57.39750000066124,66.0
1769863799,100,GET,/,32.900000,0.000000,3,4,4,4,5,6,8,12,54,54,54,1485,0,3,5.072778164093957,1.038500020513311,57.39750000066124,66.0
1769863799,100,,Aggregated,32.900000,0.000000,3,4,4,4,5,6,8,12,54,54,54,1485,0,3,5.072778164093957,1.038500020513311,57.39750000066124,66.0
1769863800,100,GET,/,31.900000,0.000000,3,4,4,4,5,5,8,12,54,54,54,1515,0,3,5.027167127765838,1.038500020513311,57.39750000066124,66.0
1769863800,100,,Aggregated,31.900000,0.000000,3,4,4,4,5,5,8,12,54,54,54,1515,0,3,5.027167127765838,1.038500020513311,57.39750000066124,66.0
1769863801,100,GET,/,33.000000,0.000000,3,4,4,4,5,5,8,11,18,18,18,1545,0,3,4.98959432912894,1.0202080011367798,57.39750000066124,66.0
1769863801,100,,Aggregated,33.000000,0.000000,3,4,4,4,5,5,8,11,18,18,18,1545,0,3,4.98959432912894,1.0202080011367798,57.39750000066124,66.0
1769863802,100,GET,/,32.400000,0.000000,3,4,4,4,5,5,8,11,18,18,18,1569,0,3,4.952865084408414,1.0202080011367798,57.39750000066124,66.0
1769863802,100,,Aggregated,32.400000,0.000000,3,4,4,4,5,5,8,11,18,18,18,1569,0,3,4.952865084408414,1.0202080011367798,57.39750000066124,66.0
1769863803,100,GET,/,32.600000,0.000000,3,3,4,4,5,5,7,9,18,18,18,1601,0,3,4.898977920318198,1.0202080011367798,57.39750000066124,66.0
1769863803,100,,Aggregated,32.600000,0.000000,3,3,4,4,5,5,7,9,18,18,18,1601,0,3,4.898977920318198,1.0202080011367798,57.39750000066124,66.0
1769863804,100,GET,/,32.400000,0.000000,3,3,4,4,5,5,8,12,20,20,20,1633,0,3,4.864969932948554,1.0202080011367798,57.39750000066124,66.0
1769863804,100,,Aggregated,32.400000,0.000000,3,3,4,4,5,5,8,12,20,20,20,1633,0,3,4.864969932948554,1.0202080011367798,57.39750000066124,66.0
1769863805,100,GET,/,31.700000,0.000000,3,3,4,4,5,5,6,10,20,20,20,1662,0,3,4.821635069534722,1.0202080011367798,57.39750000066124,66.0
1769863805,100,,Aggregated,31.700000,0.000000,3,3,4,4,5,5,6,10,20,20,20,1662,0,3,4.821635069534722,1.0202080011367798,57.39750000066124,66.0
1769863806,100,GET,/,31.300000,0.000000,3,3,3,4,4,5,6,10,20,20,20,1700,0,3,4.782417514977758,1.0202080011367798,57.39750000066124,66.0
1769863806,100,,Aggregated,31.300000,0.000000,3,3,3,4,4,5,6,10,20,20,20,1700,0,3,4.782417514977758,1.0202080011367798,57.39750000066124,66.0
1769863807,100,GET,/,31.200000,0.000000,2,3,3,4,4,5,5,9,20,20,20,1739,0,3,4.729100599995578,1.0202080011367798,57.39750000066124,66.0
1769863807,100,,Aggregated,31.200000,0.000000,2,3,3,4,4,5,5,9,20,20,20,1739,0,3,4.729100599995578,1.0202080011367798,57.39750000066124,66.0
1769863808,100,GET,/,30.600000,0.000000,2,3,3,3,4,5,5,9,20,20,20,1768,0,3,4.694819984980227,1.0202080011367798,57.39750000066124,66.0
1769863808,100,,Aggregated,30.600000,0.000000,2,3,3,3,4,5,5,9,20,20,20,1768,0,3,4.694819984980227,1.0202080011367798,57.39750000066124,66.0
1769863809,100,GET,/,31.700000,0.000000,2,3,3,3,4,5,9,12,20,20,20,1796,0,3,4.677323138898494,1.0202080011367798,57.39750000066124,66.0
1769863809,100,,Aggregated,31.700000,0.000000,2,3,3,3,4,5,9,12,20,20,20,1796,0,3,4.677323138898494,1.0202080011367798,57.39750000066124,66.0
1769863810,100,GET,/,32.700000,0.000000,2,3,3,3,4,5,9,12,20,20,20,1834,0,3,4.642603455518013,1.0202080011367798,57.39750000066124,66.0
1769863810,100,,Aggregated,32.700000,0.000000,2,3,3,3,4,5,9,12,20,20,20,1834,0,3,4.642603455518013,1.0202080011367798,57.39750000066124,66.0
1769863811,100,GET,/,31.000000,0.000000,2,3,3,3,4,5,12,18,23,23,23,1866,0,3,4.625097885502039,1.0202080011367798,57.39750000066124,66.0
1769863811,100,,Aggregated,31.000000,0.000000,2,3,3,3,4,5,12,18,23,23,23,1866,0,3,4.625097885502039,1.0202080011367798,57.39750000066124,66.0
1769863812,100,GET,/,31.200000,0.000000,2,3,3,4,4,5,12,18,23,23,23,1892,0,3,4.609241932015851,1.0202080011367798,57.39750000066124,66.0
1769863812,100,,Aggregated,31.200000,0.000000,2,3,3,4,4,5,12,18,23,23,23,1892,0,3,4.609241932015851,1.0202080011367798,57.39750000066124,66.0
1769863813,100,GET,/,31.400000,0.000000,3,3,3,4,4,5,12,18,23,23,23,1928,0,3,4.576395631925888,1.0202080011367798,57.39750000066124,66.0
1769863813,100,,Aggregated,31.400000,0.000000,3,3,3,4,4,5,12,18,23,23,23,1928,0,3,4.576395631925888,1.0202080011367798,57.39750000066124,66.0
1769863814,100,GET,/,32.100000,0.000000,3,3,4,4,4,6,8,12,23,23,23,1963,0,3,4.553249058708282,1.0202080011367798,57.39750000066124,66.0
1769863814,100,,Aggregated,32.100000,0.000000,3,3,4,4,4,6,8,12,23,23,23,1963,0,3,4.553249058708282,1.0202080011367798,57.39750000066124,66.0
1769863815,100,GET,/,32.700000,0.000000,3,3,4,4,4,6,7,12,23,23,23,1994,0,3,4.529480976544166,1.0202080011367798,57.39750000066124,66.0
1769863815,100,,Aggregated,32.700000,0.000000,3,3,4,4,4,6,7,12,23,23,23,1994,0,3,4.529480976544166,1.0202080011367798,57.39750000066124,66.0
1769863816,100,GET,/,32.900000,0.000000,3,3,4,4,4,6,7,12,23,23,23,2033,0,3,4.495212792604314,1.0202080011367798,57.39750000066124,66.0
1769863816,100,,Aggregated,32.900000,0.000000,3,3,4,4,4,6,7,12,23,23,23,2033,0,3,4.495212792604314,1.0202080011367798,57.39750000066124,66.0
1769863817,100,GET,/,33.300000,0.000000,3,3,4,4,5,6,7,12,23,23,23,2067,0,3,4.479514527046511,1.0202080011367798,57.39750000066124,66.0
1769863817,100,,Aggregated,33.300000,0.000000,3,3,4,4,5,6,7,12,23,23,23,2067,0,3,4.479514527046511,1.0202080011367798,57.39750000066124,66.0
1769863818,100,GET,/,33.900000,0.000000,3,3,4,4,5,6,8,12,24,24,24,2101,0,3,4.4724968217162795,1.0202080011367798,57.39750000066124,66.0
1769863818,100,,Aggregated,33.900000,0.000000,3,3,4,4,5,6,8,12,24,24,24,2101,0,3,4.4724968217162795,1.0202080011367798,57.39750000066124,66.0
1769863819,100,GET,/,32.800000,0.000000,3,3,4,4,5,6,7,10,24,24,24,2138,0,3,4.450950239179743,1.0202080011367798,57.39750000066124,66.0
1769863819,100,,Aggregated,32.800000,0.000000,3,3,4,4,5,6,7,10,24,24,24,2138,0,3,4.450950239179743,1.0202080011367798,57.39750000066124,66.0
1769863820,100,GET,/,32.900000,0.000000,3,3,4,4,5,6,7,10,24,24,24,2173,0,3,4.421046395469273,1.0202080011367798,57.39750000066124,66.0
1769863820,100,,Aggregated,32.900000,0.000000,3,3,4,4,5,6,7,10,24,24,24,2173,0,3,4.421046395469273,1.0202080011367798,57.39750000066124,66.0
1769863821,100,GET,/,33.300000,0.000000,3,3,4,4,5,6,7,7,24,24,24,2210,0,3,4.401043110987492,1.0202080011367798,57.39750000066124,66.0
1769863821,100,,Aggregated,33.300000,0.000000,3,3,4,4,5,6,7,7,24,24,24,2210,0,3,4.401043110987492,1.0202080011367798,57.39750000066124,66.0
1769863822,100,GET,/,34.200000,0.000000,3,3,4,4,5,6,7,19,24,24,24,2237,0,3,4.412756065860833,1.0202080011367798,57.39750000066124,66.0
1769863822,100,,Aggregated,34.200000,0.000000,3,3,4,4,5,6,7,19,24,24,24,2237,0,3,4.412756065860833,1.0202080011367798,57.39750000066124,66.0
1769863823,100,GET,/,34.100000,0.000000,3,4,4,4,5,6,7,19,24,24,24,2272,0,3,4.394147752387192,1.0202080011367798,57.39750000066124,66.0
1769863823,100,,Aggregated,34.100000,0.000000,3,4,4,4,5,6,7,19,24,24,24,2272,0,3,4.394147752387192,1.0202080011367798,57.39750000066124,66.0
1769863824,100,GET,/,34.600000,0.000000,3,4,4,4,5,5,7,19,24,24,24,2316,0,3,4.367227883604741,1.0202080011367798,57.39750000066124,66.0
1769863824,100,,Aggregated,34.600000,0.000000,3,4,4,4,5,5,7,19,24,24,24,2316,0,3,4.367227883604741,1.0202080011367798,57.39750000066124,66.0
1769863825,100,GET,/,34.300000,0.000000,3,4,4,4,5,5,7,19,24,24,24,2347,0,3,4.348909241344953,1.0202080011367798,57.39750000066124,66.0
1769863825,100,,Aggregated,34.300000,0.000000,3,4,4,4,5,5,7,19,24,24,24,2347,0,3,4.348909241344953,1.0202080011367798,57.39750000066124,66.0
1769863826,100,GET,/,34.400000,0.000000,3,4,4,4,5,5,11,19,24,24,24,2380,0,3,4.337999366598982,1.0202080011367798,57.39750000066124,66.0
1769863826,100,,Aggregated,34.400000,0.000000,3,4,4,4,5,5,11,19,24,24,24,2380,0,3,4.337999366598982,1.0202080011367798,57.39750000066124,66.0
1769863827,100,GET,/,34.800000,0.000000,3,4,4,4,5,5,11,19,24,24,24,2409,0,3,4.325313734534537,1.0202080011367798,57.39750000066124,66.0
1769863827,100,,Aggregated,34.800000,0.000000,3,4,4,4,5,5,11,19,24,24,24,2409,0,3,4.325313734534537,1.0202080011367798,57.39750000066124,66.0
1769863828,100,GET,/,34.100000,0.000000,3,3,4,4,5,5,10,11,24,24,24,2439,0,3,4.311433251114358,1.0202080011367798,57.39750000066124,66.0
1769863828,100,,Aggregated,34.100000,0.000000,3,3,4,4,5,5,10,11,24,24,24,2439,0,3,4.311433251114358,1.0202080011367798,57.39750000066124,66.0
1769863829,100,GET,/,34.700000,0.000000,3,4,4,4,5,5,11,17,24,24,24,2479,0,3,4.297658848121575,1.0202080011367798,57.39750000066124,66.0
1769863829,100,,Aggregated,34.700000,0.000000,3,4,4,4,5,5,11,17,24,24,24,2479,0,3,4.297658848121575,1.0202080011367798,57.39750000066124,66.0
1769863830,100,GET,/,33.600000,0.000000,3,4,4,4,5,5,10,17,24,24,24,2507,0,3,4.287299874553414,1.0202080011367798,57.39750000066124,66.0
1769863830,100,,Aggregated,33.600000,0.000000,3,4,4,4,5,5,10,17,24,24,24,2507,0,3,4.287299874553414,1.0202080011367798,57.39750000066124,66.0
1769863831,100,GET,/,33.800000,0.000000,3,4,4,4,5,5,10,11,17,17,17,2539,0,3,4.281013109657052,1.0202080011367798,57.39750000066124,66.0
1769863831,100,,Aggregated,33.800000,0.000000,3,4,4,4,5,5,10,11,17,17,17,2539,0,3,4.281013109657052,1.0202080011367798,57.39750000066124,66.0
1769863832,100,GET,/,33.700000,0.000000,3,4,4,4,5,5,10,13,17,17,17,2576,0,3,4.2756592552249915,1.0202080011367798,57.39750000066124,66.0
1769863832,100,,Aggregated,33.700000,0.000000,3,4,4,4,5,5,10,13,17,17,17,2576,0,3,4.2756592552249915,1.0202080011367798,57.39750000066124,66.0
1769863833,100,GET,/,33.500000,0.000000,3,4,4,4,5,5,10,13,17,17,17,2610,0,3,4.261877615128776,1.0202080011367798,57.39750000066124,66.0
1769863833,100,,Aggregated,33.500000,0.000000,3,4,4,4,5,5,10,13,17,17,17,2610,0,3,4.261877615128776,1.0202080011367798,57.39750000066124,66.0
1769863834,100,GET,/,33.000000,0.000000,3,4,4,4,5,5,10,13,17,17,17,2642,0,3,4.25407552362309,1.0202080011367798,57.39750000066124,66.0
1769863834,100,,Aggregated,33.000000,0.000000,3,4,4,4,5,5,10,13,17,17,17,2642,0,3,4.25407552362309,1.0202080011367798,57.39750000066124,66.0
1769863835,100,GET,/,33.400000,0.000000,3,4,4,4,5,5,10,13,17,17,17,2673,0,3,4.242014275109702,1.0202080011367798,57.39750000066124,66.0
1769863835,100,,Aggregated,33.400000,0.000000,3,4,4,4,5,5,10,13,17,17,17,2673,0,3,4.242014275109702,1.0202080011367798,57.39750000066124,66.0
1769863836,100,GET,/,33.600000,0.000000,3,4,4,4,4,5,10,13,17,17,17,2711,0,3,4.220118048807489,1.0202080011367798,57.39750000066124,66.0
1769863836,100,,Aggregated,33.600000,0.000000,3,4,4,4,4,5,10,13,17,17,17,2711,0,3,4.220118048807489,1.0202080011367798,57.39750000066124,66.0
1769863837,100,GET,/,32.400000,0.000000,3,4,4,4,4,5,10,13,17,17,17,2744,0,3,4.212464190721794,1.0202080011367798,57.39750000066124,66.0
1769863837,100,,Aggregated,32.400000,0.000000,3,4,4,4,4,5,10,13,17,17,17,2744,0,3,4.212464190721794,1.0202080011367798,57.39750000066124,66.0
1769863838,100,GET,/,32.900000,0.000000,3,4,4,4,5,5,10,13,15,15,15,2768,0,3,4.2065457732518805,1.0202080011367798,57.39750000066124,66.0
1769863838,100,,Aggregated,32.900000,0.000000,3,4,4,4,5,5,10,13,15,15,15,2768,0,3,4.2065457732518805,1.0202080011367798,57.39750000066124,66.0
1769863839,100,GET,/,33.100000,0.000000,3,4,4,4,5,5,10,13,15,15,15,2804,0,3,4.194217245138072,1.0202080011367798,57.39750000066124,66.0
1769863839,100,,Aggregated,33.100000,0.000000,3,4,4,4,5,5,10,13,15,15,15,2804,0,3,4.194217245138072,1.0202080011367798,57.39750000066124,66.0
1769863840,100,GET,/,33.400000,0.000000,3,4,4,4,5,5,10,13,15,15,15,2838,0,3,4.173915283112912,1.0202080011367798,57.39750000066124,66.0
1769863840,100,,Aggregated,33.400000,0.000000,3,4,4,4,5,5,10,13,15,15,15,2838,0,3,4.173915283112912,1.0202080011367798,57.39750000066124,66.0
1769863841,100,GET,/,32.300000,0.000000,3,3,4,4,4,5,7,9,15,15,15,2885,0,3,4.155160670198558,1.0202080011367798,57.39750000066124,66.0
1769863841,100,,Aggregated,32.300000,0.000000,3,3,4,4,4,5,7,9,15,15,15,2885,0,3,4.155160670198558,1.0202080011367798,57.39750000066124,66.0
1769863842,100,GET,/,32.900000,0.000000,3,3,4,4,5,5,9,12,46,46,46,2909,0,3,4.167100977861403,1.0202080011367798,57.39750000066124,66.0
1769863842,100,,Aggregated,32.900000,0.000000,3,3,4,4,5,5,9,12,46,46,46,2909,0,3,4.167100977861403,1.0202080011367798,57.39750000066124,66.0
1769863843,100,GET,/,33.500000,0.000000,3,3,4,4,4,5,9,12,46,46,46,2945,0,3,4.150939075922963,1.0202080011367798,57.39750000066124,66.0
1769863843,100,,Aggregated,33.500000,0.000000,3,3,4,4,4,5,9,12,46,46,46,2945,0,3,4.150939075922963,1.0202080011367798,57.39750000066124,66.0
1769863844,100,GET,/,33.700000,0.000000,3,3,4,4,4,5,9,12,46,46,46,2983,0,3,4.1325254768806445,1.0202080011367798,57.39750000066124,66.0
1769863844,100,,Aggregated,33.700000,0.000000,3,3,4,4,4,5,9,12,46,46,46,2983,0,3,4.1325254768806445,1.0202080011367798,57.39750000066124,66.0
1769863845,100,GET,/,33.100000,0.000000,3,3,4,4,4,5,9,12,46,46,46,3010,0,3,4.120885092220532,1.0202080011367798,57.39750000066124,66.0
1769863845,100,,Aggregated,33.100000,0.000000,3,3,4,4,4,5,9,12,46,46,46,3010,0,3,4.120885092220532,1.0202080011367798,57.39750000066124,66.0
1769863846,100,GET,/,33.500000,0.000000,3,3,4,4,4,5,7,14,46,46,46,3041,0,3,4.121366793661345,1.0202080011367798,57.39750000066124,66.0
1769863846,100,,Aggregated,33.500000,0.000000,3,3,4,4,4,5,7,14,46,46,46,3041,0,3,4.121366793661345,1.0202080011367798,57.39750000066124,66.0
1769863847,100,GET,/,33.900000,0.000000,3,3,4,4,5,5,7,14,46,46,46,3076,0,3,4.111514171163151,1.0202080011367798,57.39750000066124,66.0
1769863847,100,,Aggregated,33.900000,0.000000,3,3,4,4,5,5,7,14,46,46,46,3076,0,3,4.111514171163151,1.0202080011367798,57.39750000066124,66.0
1769863848,100,GET,/,33.500000,0.000000,3,3,4,4,4,5,7,14,46,46,46,3107,0,3,4.102795530886724,1.0202080011367798,57.39750000066124,66.0
1769863848,100,,Aggregated,33.500000,0.000000,3,3,4,4,4,5,7,14,46,46,46,3107,0,3,4.102795530886724,1.0202080011367798,57.39750000066124,66.0
1769863849,100,GET,/,32.900000,0.000000,3,3,4,4,4,5,9,14,46,46,46,3140,0,3,4.094283920232648,1.0202080011367798,57.39750000066124,66.0
1769863849,100,,Aggregated,32.900000,0.000000,3,3,4,4,4,5,9,14,46,46,46,3140,0,3,4.094283920232648,1.0202080011367798,57.39750000066124,66.0
1769863850,100,GET,/,33.300000,0.000000,3,3,4,4,4,5,9,14,46,46,46,3178,0,3,4.076932808531558,1.0202080011367798,57.39750000066124,66.0
1769863850,100,,Aggregated,33.300000,0.000000,3,3,4,4,4,5,9,14,46,46,46,3178,0,3,4.076932808531558,1.0202080011367798,57.39750000066124,66.0
1769863851,100,GET,/,34.100000,0.000000,3,3,4,4,4,5,10,18,46,46,46,3204,0,3,4.074670388718289,1.0202080011367798,57.39750000066124,66.0
1769863851,100,,Aggregated,34.100000,0.000000,3,3,4,4,4,5,10,18,46,46,46,3204,0,3,4.074670388718289,1.0202080011367798,57.39750000066124,66.0
1769863852,100,GET,/,33.200000,0.000000,3,3,4,4,4,5,6,14,21,21,21,3238,0,3,4.062951206745335,1.0202080011367798,57.39750000066124,66.0
1769863852,100,,Aggregated,33.200000,0.000000,3,3,4,4,4,5,6,14,21,21,21,3238,0,3,4.062951206745335,1.0202080011367798,57.39750000066124,66.0
1769863853,100,GET,/,33.400000,0.000000,3,3,4,4,5,5,10,15,21,21,21,3278,0,3,4.068060023059868,1.0202080011367798,57.39750000066124,66.0
1769863853,100,,Aggregated,33.400000,0.000000,3,3,4,4,5,5,10,15,21,21,21,3278,0,3,4.068060023059868,1.0202080011367798,57.39750000066124,66.0
1769863854,100,GET,/,32.900000,0.000000,3,4,4,4,5,5,10,15,21,21,21,3311,0,3,4.058047621412826,1.0202080011367798,57.39750000066124,66.0
1769863854,100,,Aggregated,32.900000,0.000000,3,4,4,4,5,5,10,15,21,21,21,3311,0,3,4.058047621412826,1.0202080011367798,57.39750000066124,66.0
1769863855,100,GET,/,32.800000,0.000000,3,4,4,4,5,5,7,14,18,18,18,3349,0,3,4.046578720054793,1.0202080011367798,57.39750000066124,66.0
1769863855,100,,Aggregated,32.800000,0.000000,3,4,4,4,5,5,7,14,18,18,18,3349,0,3,4.046578720054793,1.0202080011367798,57.39750000066124,66.0
1769863856,100,GET,/,32.900000,0.000000,3,4,4,4,5,6,9,14,18,18,18,3386,0,3,4.038101350698481,1.0202080011367798,57.39750000066124,66.0
1769863856,100,,Aggregated,32.900000,0.000000,3,4,4,4,5,6,9,14,18,18,18,3386,0,3,4.038101350698481,1.0202080011367798,57.39750000066124,66.0
1769863857,100,GET,/,32.900000,0.000000,3,4,4,4,5,6,10,14,18,18,18,3412,0,3,4.033508672443307,1.0202080011367798,57.39750000066124,66.0
1769863857,100,,Aggregated,32.900000,0.000000,3,4,4,4,5,6,10,14,18,18,18,3412,0,3,4.033508672443307,1.0202080011367798,57.39750000066124,66.0
1769863858,100,GET,/,33.700000,0.000000,3,4,4,4,5,6,7,14,18,18,18,3447,0,3,4.0270226911331894,1.0202080011367798,57.39750000066124,66.0
1769863858,100,,Aggregated,33.700000,0.000000,3,4,4,4,5,6,7,14,18,18,18,3447,0,3,4.0270226911331894,1.0202080011367798,57.39750000066124,66.0
1769863859,100,GET,/,34.300000,0.000000,3,4,4,4,5,6,9,15,27,27,27,3489,0,3,4.025676736697102,1.0202080011367798,57.39750000066124,66.0
1769863859,100,,Aggregated,34.300000,0.000000,3,4,4,4,5,6,9,15,27,27,27,3489,0,3,4.025676736697102,1.0202080011367798,57.39750000066124,66.0
1769863860,100,GET,/,33.400000,0.000000,3,4,4,4,5,6,9,15,27,27,27,3521,0,3,4.016986927681808,1.0202080011367798,57.39750000066124,66.0
1769863860,100,,Aggregated,33.400000,0.000000,3,4,4,4,5,6,9,15,27,27,27,3521,0,3,4.016986927681808,1.0202080011367798,57.39750000066124,66.0
1769863861,100,GET,/,34.200000,0.000000,3,4,4,4,5,6,8,10,27,27,27,3546,0,3,4.010203460346197,1.0202080011367798,57.39750000066124,66.0
1769863861,100,,Aggregated,34.200000,0.000000,3,4,4,4,5,6,8,10,27,27,27,3546,0,3,4.010203460346197,1.0202080011367798,57.39750000066124,66.0
1769863862,100,GET,/,34.900000,0.000000,3,4,4,4,5,6,8,10,27,27,27,3580,0,3,4.001742683641428,1.0202080011367798,57.39750000066124,66.0
1769863862,100,,Aggregated,34.900000,0.000000,3,4,4,4,5,6,8,10,27,27,27,3580,0,3,4.001742683641428,1.0202080011367798,57.39750000066124,66.0
1769863863,100,GET,/,33.700000,0.000000,3,3,4,4,5,6,7,8,27,27,27,3611,0,3,3.9941021344251517,1.0202080011367798,57.39750000066124,66.0
1769863863,100,,Aggregated,33.700000,0.000000,3,3,4,4,5,6,7,8,27,27,27,3611,0,3,3.9941021344251517,1.0202080011367798,57.39750000066124,66.0
1769863864,100,GET,/,33.300000,0.000000,3,4,4,4,5,6,7,8,27,27,27,3650,0,3,3.991643805567124,1.0202080011367798,57.39750000066124,66.0
1769863864,100,,Aggregated,33.300000,0.000000,3,4,4,4,5,6,7,8,27,27,27,3650,0,3,3.991643805567124,1.0202080011367798,57.39750000066124,66.0
1769863865,100,GET,/,33.900000,0.000000,3,4,4,4,5,6,11,27,30,30,30,3687,0,3,4.007663133793875,1.0202080011367798,57.39750000066124,66.0
1769863865,100,,Aggregated,33.900000,0.000000,3,4,4,4,5,6,11,27,30,30,30,3687,0,3,4.007663133793875,1.0202080011367798,57.39750000066124,66.0
1769863866,100,GET,/,33.400000,0.000000,3,4,4,4,5,6,11,27,30,30,30,3717,0,3,4.002661268566746,1.0202080011367798,57.39750000066124,66.0
1769863866,100,,Aggregated,33.400000,0.000000,3,4,4,4,5,6,11,27,30,30,30,3717,0,3,4.002661268566746,1.0202080011367798,57.39750000066124,66.0
1769863867,100,GET,/,33.700000,0.000000,3,3,4,4,5,7,17,27,30,30,30,3751,0,3,4.0031298139826275,1.0202080011367798,57.39750000066124,66.0
1769863867,100,,Aggregated,33.700000,0.000000,3,3,4,4,5,7,17,27,30,30,30,3751,0,3,4.0031298139826275,1.0202080011367798,57.39750000066124,66.0
1769863868,100,GET,/,33.900000,0.000000,3,3,4,4,5,6,15,25,30,30,30,3782,0,3,3.9911728184257123,1.0202080011367798,57.39750000066124,66.0
1769863868,100,,Aggregated,33.900000,0.000000,3,3,4,4,5,6,15,25,30,30,30,3782,0,3,3.9911728184257123,1.0202080011367798,57.39750000066124,66.0
1769863869,100,GET,/,32.800000,0.000000,3,3,4,4,5,6,15,25,30,30,30,3819,0,3,3.9731987479378663,1.0202080011367798,57.39750000066124,66.0
1769863869,100,,Aggregated,32.800000,0.000000,3,3,4,4,5,6,15,25,30,30,30,3819,0,3,3.9731987479378663,1.0202080011367798,57.39750000066124,66.0
